닉네임,소속팀,지역,DPI,일반감도,수직감도,스코프감도,2배율감도,3배율감도,4배율감도,6배율감도,8배율감도,해상도,인게임아이디
2heart,FA,AS,400,38,0.78,35,30,30,30,30,30,1920x1080,2heart
2steb4n,FA,AS,400,38,1.1,33,33,33,35,40,40,1728x1080,-
2star,FA,AS,800,44,1.2,38,41,41,41,41,41,1728x1080,-
777,TDT,APAC,800,40,0.9,39,40,40,40,40,40,1728x1080,TDTK7M
77owo,FA,AS,800,34,1.17,36,35,38,34,34,34,1728x1080,17_77owo-
9,FA,AS,400,50,1.2,37,37,40,40,40,40,1728x1080,-
911x,FA,AS,400,50,1.2,50,55,50,45,45,45,1728x1080,-
04nb,PERO,AS,800,45,1,40,40,40,40,40,40,1728x1080,PeRo_04NB1
axidd,EDG,AS,800,45,1.2,35,35,35,35,35,35,1728x1080,CCG_Axidd
adder,FA,AS,400,50,1.2,50,50,50,50,50,50,1920x1080,adder28
adouzie,S8UL,EU,400,42,0.85,33,40,40,40,40,40,1920x1080,ADOUZ1E
aixleft,PERO,AS,800,50,1.15,38,38,38,41,41,41,1728x1080,Aixleft
akan,GK,AS,1100,50,0.8,50,50,50,50,50,50,1920x1080,GK_AKaN
alow,TL,AMER,400,56,1,50,50,50,49,49,49,1728x1080,alowflaylow
americano,FA,AS,300,37,0.85,37,40,41,38,38,38,1728x1080,-
aqua5,FA,AS,1600,15,1.12,15,15,15,15,15,15,1728x1080,-
asura,FA,AS,400,43,0.85,38,38,38,36,36,36,1920x1080,-
alya,FA,EU,800,42,1,42,42,43,43,44,44,1920x1080,-
atongmuu,FA,AS,400,45,1,30,35,35,35,35,35,1728x1080,-
arte,FA,AS,400,53,1,35,40,40,40,40,40,1728x1080,-
az,FA,AS,400,50,0.98,35,40,42,40,40,40,1728x1080,-
aleksib,FA,AS,800,45,1.2,35,35,35,35,35,35,1728x1080,-
ahcay,FA,AS,800,23,1.15,18,20,17,15,15,17,1920x1080,-
ayoh,CR,AS,400,45,1,39,43,43,43,43,43,1920x1080,CR_Ayoh
alphaca,FA,AS,400,45,0.85,37,40,41,39,39,39,1920x1080,-
anx1n,FA,AS,400,28,0.8,28,28,28,28,28,28,1728x1080,SGA_supreme
baren,MITH,APAC,400,45,1,35,42,42,42,42,42,1728x1080,mikewazoskxi-
banana0ne,FW,APAC,800,45,1.17,35,40,40,37,37,37,1728x1080,banana0ne
barpo,DN,AS,400,55,1.11,35,37,37,37,37,37,1728x1080,DN_Barpo
batulins,TWIS,EU,1600,25,1,18,20,21,20,21,20,1920x1080,BatulinS
beami,VP,EU,400,50,1.1,35,38,41,41,42,42,1728x1080,CertifiedWhiffer
bean,GEN,AS,400,55,1,35,40,40,40,40,40,1728x1080,GEN_BeaN0421
belmoth,FS,APAC,400,42,0.88,32,35,40,35,35,35,1920x1080,-
bielmtcalmo,FA,AMER,800,39,1.2,39,39,39,39,39,39,1728x1080,bielmtcalmo
bestoloch,S8UL,EU,800,35,0.9,30,35,35,35,35,35,1728x1080,bestoloch
bigpicture,FA,AS,400,35,1,35,40,40,40,40,40,1728x1080,-
boost1k,NAVI,EU,400,45,1.1,35,40,40,40,40,40,1728x1080,boost1k-
breakers,FN,AS,400,50,1,35,36,37,36,35,35,1728x1080,FN_Breakers
black9,FA,AS,800,25,1.1,25,25,25,25,25,25,1920x1080,-
bobo,FA,AS,800,34,1.1,26,26,31,26,26,26,1728x1080,-
baron,S2G,EU,800,36,1,20,20,20,20,20,20,1728x1080,-
cc108,GSW,AS,800,50,0.83,25,33,34,35,35,35,1728x1080,GSW_CC108
clories,GTE,APAC,800,30,1,30,30,30,30,30,30,1920x1080,cloriesxxx
codemarco,FA,EU,800,30,1,25,25,25,25,25,25,1728x1080,-
cold119,JDG,AS,400,45,1.1,40,40,42,42,40,40,1728x1080,JDG_Cold119
crazy112,FA,AS,400,45,1.15,38,41,41,41,41,41,1728x1080,-
cui71,PERO,AS,800,25,1,20,22,22,22,22,22,1728x1080,Cui71NB
curexi,VP,EU,400,51,1,35,40,40,40,40,40,1920x1080,curexi
ceh9,FA,EU,800,30,0.85,28,28,30,22,23,23,1728x1080,-
cowboi,TL,AMER,800,35,1,35,35,35,35,35,35,1920x1080,CowBoixx
chigi,FA,AS,800,40,1.15,30,35,40,30,28,28,1728x1080,-
crux,FA,AS,400,40,1,29,29,29,29,29,29,1728x1080,-
chu,TDT,APAC,400,45,1.1,29,33,33,33,33,33,1728x1080,-
ccinext,S2G,EU,800,22,1.11,18,18,18,18,18,18,1728x1080,-
daeyeon,PHE,AS,400,45,1,35,40,40,40,40,40,1728x1080,PHE_K1ng
dec12th,JDG,AS,400,45,0.85,35,40,40,40,40,40,1728x1080,JDG_Dec12th
delwynn,AL,APAC,800,30,0.9,25,25,25,25,25,25,1920x1080,Delwyn-w-
dg98,FA,AS,800,20,0.9,18,15,15,15,15,15,1920x1080,DGvine-_-7
diel,DNS,AS,400,45,1,35,40,40,40,40,40,1728x1080,DNS_Btajji
diyy,GEN,AS,800,35,1,34,34,34,34,34,34,1728x1080,GEN_DIYY0306
dr4ftk1ng,FA,AMER,400,50,1,33,37,39,39,39,39,1728x1080,Dr4FTk1nG
duckhjeuz,GTE,APAC,400,50,1.11,32,35,40,40,40,40,1728x1080,DuCkHjeUz_
ddakgu,FA,AS,1600,30,1.2,29,29,29,29,29,29,1728x1080,mercedes_ddakgu
d1d8x,FA,AS,400,60,1,35,40,40,40,40,40,1728x1080,-
daeva,PHE,AS,800,28,1,28,28,28,28,28,28,1920x1080,PHE_DAEVA
difx,TN,EU,800,50,1,40,42,42,42,42,42,1728x1080,-
destroyy,AL,APAC,400,60,0.95,45,45,45,45,45,45,1728x1080,Destroyy-_-
eend,T1,AS,400,45,1,35,40,40,40,40,40,1728x1080,T1_EEND
ej,GK,AS,400,45,0.88,35,35,35,35,35,35,1728x1080,2J3J
ext4nz,AUR,EU,400,55,1.11,38,38,38,38,36,36,1728x1080,-
east,FA,AS,800,45,1.2,38,38,38,38,38,38,1728x1080,-
esther,FA,AS,400,45,1.1,35,35,35,35,35,35,1728x1080,ESTH3R
eaddy,FA,APAC,800,45,0.98,33,35,39,39,39,39,1920x1080,-
earthzapalui,SP,APAC,400,45,1.1,35,40,40,40,40,40,1728x1080,-
excrozit,T5,APAC,800,45,1.2,35,35,35,35,35,35,1728x1080,-
evillee,FA,AS,400,55,1.08,44,50,50,51,51,51,1728x1080,-
f1ame,AZLA,AS,400,45,1,35,40,40,40,40,40,1728x1080,AZLA_F1ame
fairy,ART,AS,800,45,1.2,36,36,36,36,36,36,1728x1080,ART_Fairy1207
fexx,FA,EU,800,37,1,32,32,32,32,30,30,1728x1080,-
feyerist,NAVI,EU,400,45,1,40,40,40,40,40,40,1728x1080,Feyer1st
fludd,WOLF,AMER,800,35,1.11,25,25,25,25,25,25,1728x1080,flu_dd
flukky,T5,APAC,1600,22,1,11,15,24,17,17,17,1920x1080,-
flusha,FA,AS,800,50,1.2,36,36,36,36,36,36,1728x1080,-
foxver,ART,AS,400,50,1.2,36,36,36,36,36,36,1728x1080,ART_FoxVer
freaky,FA,AS,400,65,1.15,64,63,63,62,62,61,1728x1080,-
fuzzface,FA,EU,800,50,1.5,31,27,27,27,27,27,1920x1080,-
foxy,FA,AS,400,50,1,35,40,40,40,40,40,1728x1080,Foxy0v0
flow,FA,AS,800,31,1,28,28,28,28,28,28,1728x1080,-
flash,FS,APAC,400,45,1.25,43,42,42,42,42,42,1728x1080,-
f1lfirst,S8UL,EU,400,45,0.85,39,39,42,38,37,37,1728x1080,f1lfirst
forever,FA,AS,800,30,0.98,15,28,28,29,29,29,1728x1080,-
giken,FA,AS,1600,20,1.08,20,20,20,21,21,21,1920x1080,E36_Giken
gimjun,PHE,AS,800,45,1.2,31,33,36,33,33,33,1728x1080,GimJun03
gyumin,DNS,AS,400,45,1.1,35,36,40,40,39,39,1728x1080,DNS_Dtujji
guizeraa,FA,AMER,800,36,1,36,36,36,36,36,36,1728x1080,-
gona,FA,AS,400,44,1.11,35,39,39,40,41,41,1728x1080,-
glaz,CR,AS,400,40,0.85,36,35,35,33,37,37,1728x1080,CR_Glaz
glance,FA,AS,400,60,0.98,30,30,30,30,30,30,1728x1080,-
ggobugi,CR,AS,800,31,0.99,30,32,33,34,31,32,1728x1080,GGoBuGi07
gyuyeon,CR,AS,400,40,1,33,39,39,34,34,34,1728x1080,CR_Gyuyeon
godv,FA,AS,400,50,1.2,40,40,40,40,40,40,1728x1080,-
gustav,FLC,AMER,400,50,1.08,35,40,40,40,40,40,1728x1080,GustavIRL
gedrox,VIT,EU,800,36,1.1,36,36,36,36,36,36,1728x1080,-
guymin,AE,APAC,800,45,1.2,36,36,36,36,36,36,1728x1080,-
geunwon,FA,AS,400,55,1,35,40,40,40,40,40,1728x1080,-
haisaki,SBTC,APAC,400,43,0.85,43,43,43,43,43,43,1728x1080,-
hakatory,NAVI,EU,400,45,1,35,40,40,40,40,40,1728x1080,highegoplayer237
hane,FA,AS,400,45,0.85,33,40,40,37,37,37,1728x1080,-
hansia,FA,AS,800,28,1,26,26,26,26,26,26,1728x1080,-
hammer,AZLA,AS,400,43,1,34,35,36,35,34,34,1728x1080,AZLA_HAMMER
heather,T1,AS,800,46,1.2,44,44,46,45,45,46,1728x1080,UYoungWave
heaven,DNS,AS,400,45,1,35,40,40,40,40,40,1728x1080,DNS_DRIX
hela,DN,AS,400,40,0.98,35,38,38,40,40,40,1728x1080,DN_Hela
himass,AL,APAC,400,33,0.85,33,39,39,40,37,37,1920x1080,Himass523
howl,FA,AS,400,50,1.2,42,48,48,56,56,56,1728x1080,-
hsmm,4AM.,AS,800,40,1.2,27,32,35,32,32,32,1728x1080,Hsmm96
hush,FN,AS,400,45,1,35,35,35,35,35,35,1728x1080,-
hwinn,WOLF,AMER,800,37,1,28,26,26,26,26,26,1920x1080,hwinn
hikari,FA,AS,800,40,1.2,40,40,40,40,40,40,1728x1080,-
hulk,FA,AS,400,47,1.2,37,37,37,37,37,37,1728x1080,-
hyein,FA,AS,1600,26,0.87,9,15,15,15,16,18,1728x1080,SEN_Hyein
heat,FA,AS,400,50,1.11,35,43,43,46,46,46,1728x1080,-
hama,FA,AS,400,45,1,35,40,40,40,40,40,1728x1080,-
haven,GODL,AMER,1600,46,1.25,40,40,44,40,40,40,1728x1080,Haven_-
hallomybad,VIT,EU,400,45,1,35,37,37,37,37,37,1728x1080,-
hyuksung,FA,AS,800,50,1.2,30,33,35,33,33,33,1728x1080,-
hoangf,GTE,AS,400,43,0.78,43,43,43,43,43,43,1920x1080,-
ibiza,FA,EU,400,35,1.1,35,35,35,35,35,35,1728x1080,-
inonix,FA,AS,400,40,0.85,35,35,39,33,38,38,1920x1080,Inonix96
i26v6,PERO,AS,400,40,0.85,33,37,37,38,37,37,1920x1080,1168_i26v6
insfire,FA,AS,1000,40,1.1,40,40,40,40,40,40,1728x1080,-
innate,FA,AS,400,50,1,35,40,40,40,40,40,1728x1080,-
jacob,MITH,APAC,800,30,1,25,26,26,25,25,24,1920x1080,ascob
janggu,FA,AS,400,55,1.2,34,40,40,40,40,40,1728x1080,-
jeemzz,FA,EU,800,45,1.11,25,25,30,30,30,30,1728x1080,-
jervis,FA,APAC,400,45,0.85,33,37,37,37,37,37,1728x1080,-
jiaoyang,FA,AS,800,33,1.1,33,30,30,30,30,30,1728x1080,-
jund,FA,APAC,400,60,1,36,40,40,40,40,40,1728x1080,TEJUND
karwn,FA,AS,800,50,1.2,38,38,38,38,38,38,1728x1080,-
kaymind,FA,AMER,800,30,1,18,20,22,22,22,22,1920x1080,-
kickstart,FLC,AMER,800,30,1,25,25,25,25,25,25,1920x1080,FLC_Kickstart
kiss,MITH,APAC,400,45,1,35,40,40,40,40,40,1728x1080,KISSKODHOD
kemba7,FA,AMER,800,40,1,40,40,40,40,40,40,1920x1080,-
kkachi,FN,AS,400,50,1,35,40,40,40,40,40,1728x1080,FN_kkachi
khawkong,FA,APAC,1600,20,1,20,20,20,20,20,20,1728x1080,-
lambu,FA,AS,800,61,1.72,55,61,61,61,61,61,1920x1080,lambutan
lilghost,17,AS,800,30,1.11,25,25,25,25,25,25,1728x1080,ZuiZiyouDEdiaoR
longskr,EDG,AS,400,50,1,33,33,36,36,36,36,1728x1080,Longskr375
loki,FA,AS,400,40,1.15,35,38,40,45,32,32,1728x1080,Lother-_-
lu,TWIS,EU,400,45,1,38,40,40,40,40,40,1920x1080,crazyluu
lure,VEX,AS,400,50,1.11,34,38,42,40,40,40,1728x1080,VEX_lure
lukarux,VP,EU,400,39,1,39,39,39,39,39,39,1728x1080,-
luke12,TL,AMER,400,49,1,35,45,45,45,45,45,1728x1080,luke12
lingdu,FA,AS,400,45,0.9,45,45,45,45,45,45,1728x1080,-
lunlun,FA,AS,400,55,1.2,35,40,40,40,40,40,1728x1080,-
lionkk,FA,AS,400,45,1,35,42,42,40,40,40,1728x1080,-
leo,FA,APAC,400,45,1,32,40,42,45,45,46,1728x1080,-
lev4nte,VIT,EU,800,35,1,35,35,35,35,35,35,1728x1080,Lev4nte
layosh,AUR,EU,400,45,1,35,35,35,35,35,35,1728x1080,layosh
longx,FA,AS,400,35,1.1,32,36,36,36,36,36,1728x1080,-
lericz,EA,APAC,800,35,1.1,35,35,35,35,35,35,1920x1080,Lericz
lashk,FA,AS,400,50,1,35,40,40,40,40,40,1728x1080,-
maczora,FA,AS,1600,20,1,13,13,13,13,13,13,1728x1080,-
mandu,FA,AS,400,45,1.2,31,30,30,30,30,30,1728x1080,-
ming,GSW,AS,400,50,1,35,40,45,40,40,40,1728x1080,-
mming,PERO,AS,400,60,1.1,30,30,30,30,30,30,1728x1080,PeRo_MMing9
molodoct,S8UL,EU,400,50,1,35,35,40,40,42,42,1728x1080,-
monty,FA,AS,400,36,0.98,36,36,36,36,36,36,1920x1080,-
mykle,FA,EU,800,30,1.11,20,26,26,26,26,26,1728x1080,-
mell,FA,EU,800,42,1,37,37,40,40,40,40,1920x1080,-
minuda,FA,AS,400,50,1,34,34,34,34,34,34,1728x1080,-
mmei,FA,AS,400,35,0.85,33,33,33,33,33,33,1920x1080,-
myl,FA,AS,400,60,0.85,32,33,35,39,41,42,1728x1080,-
mad98,FA,AS,400,45,1,35,35,35,35,35,35,1728x1080,-
monsters,FA,AS,800,45,1.2,35,35,35,35,35,35,1728x1080,-
mogore,HIVE,EU,400,55,1.11,35,40,40,40,40,40,1728x1080,mogore
morek,FA,AS,400,50,1,35,40,40,40,40,40,1728x1080,-
mingz1,FA,AS,600,35,1,35,35,35,35,35,35,1728x1080,-
night,ART,AS,800,45,0.85,39,39,39,39,39,39,1920x1080,ART_n1ght
nann,FA,AS,800,45,1,33,35,35,36,36,36,1728x1080,-
nanss,JDG,AS,400,45,1.2,35,40,40,40,40,40,1728x1080,-
needex,FA,EU,400,50,1,35,42,42,42,42,42,1728x1080,NEEDEX
nixzyee,VP,EU,800,45,1.2,35,36,36,36,36,36,1728x1080,VPTPPKING
nourinz,EA,APAC,400,38,0.98,30,30,38,37,37,37,1920x1080,-
nyeong,VEX,AS,400,55,1.2,35,40,40,40,40,40,1728x1080,VEX_Nyeong
nomer3y,FA,AS,400,60,0.98,30,30,30,30,30,30,1728x1080,-
olympus,FA,APAC,800,43,1.2,37,37,37,39,39,39,1920x1080,-
ohpondz,EA,APAC,800,35,0.95,35,35,35,35,35,35,1728x1080,OHPONDZKUB
orca,AZLA,AS,400,45,1.1,37,40,40,40,40,40,1728x1080,AZLA_Orca1
one1tap,FA,AS,400,36,1.1,36,36,36,36,36,36,1728x1080,-
paopao,WBG,AS,400,50,1.12,35,37,37,38,34,34,1728x1080,-
parkpro,GK,AS,800,46,1.15,43,48,48,43,43,43,1728x1080,parkpro
perfect1ks,TWIS,EU,400,50,1,35,39,39,39,39,39,1920x1080,Perfectk1ss
pio,FA,AS,400,45,0.85,39,39,39,39,39,39,1920x1080,-
possa,FA,AMER,800,26,1,26,26,26,26,26,26,1728x1080,-
purdykurty,TL,AMER,800,42,1.2,42,42,42,42,42,42,1920x1080,purdykurty
pwddddddddd,FA,EU,400,48,1,34,37,37,37,37,37,1728x1080,-
pag3,FA,EU,400,49,0.91,45,45,45,45,45,45,1728x1080,-
pureboy,FA,AS,400,45,1.2,40,40,40,40,40,40,1728x1080,-
psyco,FA,AS,1600,25,1,20,20,25,25,25,25,1920x1080,-
qw1zzy,VIT,EU,400,51,1.13,39,43,43,43,43,43,1728x1080,-
quetpa,S2G,EU,800,30,1,25,25,25,25,25,25,1920x1080,-
rain,FA,AS,400,50,0.85,34,34,35,35,38,38,1728x1080,-
rain1ng,T1,AS,400,50,1.1,36,41,43,41,41,41,1728x1080,T1_Rain1ng
rascal,FA,AS,400,45,1.22,32,40,42,42,43,44,1728x1080,-
redzone,AZLA,AS,400,55,1,35,37,41,40,40,40,1728x1080,AZLA_redzone
relo,FA,AMER,800,35,1,30,30,30,30,30,30,1920x1080,-
rex,DNS,AS,400,42,1.2,32,42,42,42,42,42,1728x1080,DNS_Rexxxxxxxxxx
rossitedjr,FA,APAC,400,50,0.8,50,50,50,50,50,50,1920x1080,-
roy,VEX,AS,400,33,0.85,32,39,37,37,37,37,1728x1080,VEX_ROY
rdd,FA,AS,800,45,1.2,38,38,38,38,38,38,1728x1080,-
renba,FA,AS,400,43,1,43,43,43,43,43,43,1728x1080,-
r0wha,FA,AS,400,42,1.2,42,40,40,40,40,40,1920x1080,-
rozar,FA,AS,1000,42,1.1,42,42,42,42,42,42,1920x1080,ROZAR92
rangerx,T5,APAC,800,36,1.1,36,36,36,36,36,36,1920x1080,-
salute,GEN,AS,400,40,1,35,40,40,40,40,40,1728x1080,GENSALUTE1234567
savior,FA,APAC,800,30,1,30,30,30,30,30,30,1728x1080,-
seongjang,GK,AS,400,46,1,41,41,39,39,39,39,1920x1080,seongjang
seoul,GEN,AS,1600,30,1,18,20,21,20,21,20,1920x1080,GENseoul
shen,4AM.,AS,800,45,1.2,35,35,35,38,38,38,1728x1080,4AMYulia
shilla,S2G,EU,800,33,1.05,26,26,26,26,26,26,1920x1080,-
shrimzy,FLC,AMER,800,30,1.11,28,28,28,25,25,25,1728x1080,Shrimzy
snakers,WOLF,AMER,400,50,1.11,40,46,46,46,46,46,1728x1080,-
soldzzzzx,TOYO,AMER,400,40,1,37,37,37,37,37,37,1728x1080,-
sololzy,AL,APAC,1600,8,0.85,6,10,10,8,8,8,1728x1080,Sololzy_y
sosed,NAVI,EU,400,42,0.85,38,38,39,40,41,42,1728x1080,SoseD-
spaceman,4AM.,AS,400,45,0.98,33,36,38,38,38,38,1728x1080,4amspaceman1010
sparkingg,ROC,AMER,800,40,1,39,39,39,39,39,39,1728x1080,-
spyrro,NAVI,EU,800,35,1,34,34,34,34,34,34,1920x1080,-
stead,NAVI,EU,400,42,1,38,38,38,38,38,38,1728x1080,stead-
starlord,FN,AS,1000,27,0.7,17,17,18,18,18,18,1728x1080,-
stella,DN,AS,400,40,1,33,35,35,35,35,35,1728x1080,-
su999,FA,AS,800,35,0.7,35,35,35,35,35,35,1728x1080,-
sunday,FA,AS,800,40,1,30,30,30,30,30,30,1728x1080,-
sxntastico,ROC,AMER,800,39,1.23,39,39,39,39,39,39,1728x1080,sxntastico
solution,VEX,AS,400,50,1.2,32,40,40,40,40,40,1728x1080,VEX_Solution
singam,FA,AS,800,44,1,42,48,48,48,48,48,1728x1080,-
shou,FA,AS,800,30,1,23,24,21,16,15,18,1728x1080,17_shou
spear,FA,AS,400,50,1,45,47,35,35,35,35,1728x1080,-
summer,FA,AS,400,50,1,30,40,43,43,38,50,1728x1080,-
scappy,MITH,APAC,400,60,1.06,40,40,40,50,50,50,1728x1080,-
snowfake,FA,AS,800,45,1.2,36,36,36,36,36,36,1728x1080,-
stannnl,CES,APAC,400,45,0.85,45,45,45,45,45,45,1728x1080,-
taikonn,VC,APAC,400,35,0.98,34,34,34,34,35,35,1728x1080,taikonn515
tanvuu,GTE,APAC,400,40,1,35,34,39,38,38,39,1728x1080,TanVuu666
taemin98,FA,AS,400,43,1.2,35,42,43,37,34,34,1728x1080,taemin98
tgltn,FLC,AMER,800,30,1.11,20,25,25,25,25,25,1728x1080,TGLTN
thanad0l,FS,APAC,800,39,1.28,39,43,43,41,41,41,1728x1080,-
thetab,FA,EU,800,30,0.85,30,30,30,30,30,30,1920x1080,-
tigger,FS,APAC,800,1.09,37,40,43,41,41,41,41,1728x1080,-
tosi,DN,AS,400,50,0.98,32,35,35,35,35,35,1728x1080,DN_Tosi
type,T1,AS,800,45,1.2,35,35,35,35,35,35,1728x1080,T1_type
taxder,FA,AS,400,50,1.1,36,40,40,40,40,40,1728x1080,-
teabone,FA,EU,400,40,1,35,36,41,41,41,41,1728x1080,-
tanki995,FA,AS,800,45,0.7,35,40,40,40,40,40,1728x1080,-
tiantian,17,AS,1600,40,1.05,37,38,42,40,40,40,1728x1080,17_tiantianhaovo
tduy,FA,APAC,400,50,1.1,50,50,50,50,50,50,1728x1080,-
taekgyun,FA,AS,400,50,1,50,50,40,40,40,40,1728x1080,-
tny7,GODL,AMER,400,50,1,35,42,42,42,43,43,1728x1080,-
ubah,FA,EU,800,42,1,32,37,37,37,37,37,1728x1080,-
under,FA,AS,400,45,0.75,40,37,37,37,37,37,1728x1080,-
untop,FA,AS,800,60,0.8,40,45,50,42,42,42,1728x1080,-
vard,FA,EU,800,36,1,25,25,25,25,25,25,1728x1080,-
ventus,FA,AS,400,41,0.92,35,36,36,37,38,39,1728x1080,-
vilo,FA,AS,800,60,1.2,35,35,35,35,35,35,1728x1080,-
volibear,FA,AS,400,46,1.15,30,33,37,33,33,33,1728x1080,-
wenbo,17,AS,800,38,1.2,30,35,35,38,38,38,1728x1080,-
wick2d,FA,AS,800,34,1,32,32,32,32,32,32,1728x1080,-
woong,ART,AS,400,40,1,35,35,35,35,35,35,1728x1080,ART_Wxxng
windah,4AM.,AS,400,50,1,35,40,40,40,40,40,1728x1080,4AMWINDah
xbei,FA,AS,400,50,1.2,50,50,50,50,50,50,1728x1080,17_xbei
xmpl,TWIS,EU,800,34,1.1,18,18,18,18,18,18,1728x1080,xmpl
xquad,FA,AS,400,45,1.15,35,42,45,37,37,37,1728x1080,-
xtong,FA,AS,400,43,0.95,43,43,43,43,43,43,1728x1080,-
xwudd,17,AS,800,30,0.6,30,43,45,47,47,47,1728x1080,-
xxxlu,FA,AS,400,47,1.15,30,35,38,35,35,35,1728x1080,-
xyang,FA,AS,800,45,1.2,35,35,35,35,35,35,1728x1080,-
xiaohaixxxx,FA,AS,800,40,1.2,25,25,27,27,27,27,1728x1080,-
ymcud,VC,APAC,400,40,0.85,37,37,39,37,36,35,1728x1080,-
yuyu,FA,AS,800,25,0.86,16,20,22,24,24,24,1728x1080,-
yong,FA,AS,1000,38,1.3,19,23,30,31,24,25,1728x1080,-
zenith,FN,AS,800,20,1,20,20,20,20,20,20,1920x1080,-
zephyros,FA,AS,400,35,0.85,34,35,39,35,35,35,1728x1080,-
zest,FA,APAC,400,40,1.1,33,38,43,38,40,40,1920x1080,-
zpyan1,FA,AS,400,50,1,35,37,37,37,37,37,1728x1080,-
zyy,WBG,AS,400,55,1,50,50,50,50,50,50,1728x1080,WBG_Zyy
zkraken,FA,AMER,800,30,1,20,20,20,20,20,20,1728x1080,-
